origin_zone,viajes,probabilidad
R05C02,15096,0.47175
R06C03,7102,0.2219375
R05C03,5145,0.16078125
R06C02,2375,0.07421875
R06C04,802,0.0250625
R03C05,523,0.01634375
R04C02,462,0.0144375
R04C03,148,0.004625
R04C05,130,0.0040625
R07C03,85,0.00265625
R05C04,85,0.00265625
R07C04,12,0.000375
R03C03,10,0.0003125
R05C05,7,0.00021875
R03C02,5,0.00015625
R04C04,3,9.375e-05
R04C00,3,9.375e-05
R04C01,1,3.125e-05
R05C00,1,3.125e-05
R00C01,1,3.125e-05
R02C02,1,3.125e-05
R02C05,1,3.125e-05
R07C07,1,3.125e-05
R04C07,1,3.125e-05
R01C00,0,0.0
R01C01,0,0.0
R01C02,0,0.0
R00C03,0,0.0
R00C04,0,0.0
R00C05,0,0.0
R00C02,0,0.0
R00C00,0,0.0
R03C07,0,0.0
R03C06,0,0.0
R03C04,0,0.0
R03C00,0,0.0
R03C01,0,0.0
R02C04,0,0.0
R02C06,0,0.0
R02C07,0,0.0
R02C00,0,0.0
R02C01,0,0.0
R02C03,0,0.0
R01C03,0,0.0
R01C04,0,0.0
R01C05,0,0.0
R01C06,0,0.0
R01C07,0,0.0
R00C07,0,0.0
R00C06,0,0.0
R05C01,0,0.0
R04C06,0,0.0
R05C07,0,0.0
R05C06,0,0.0
R06C00,0,0.0
R06C01,0,0.0
R06C07,0,0.0
R06C06,0,0.0
R06C05,0,0.0
R07C00,0,0.0
R07C02,0,0.0
R07C01,0,0.0
R07C05,0,0.0
R07C06,0,0.0
