eps,min_samples,n_clusters,ruido_%,silhouette,davies_bouldin,calinski_harabasz
0.3,5,3,0.4775,0.3765305026602954,0.689585321057285,469.5370005344686
0.4,5,4,0.2725,0.37994035679420574,0.5356955163054195,1383.0137912179616
0.5,5,3,0.19499999999999998,0.3927388004652932,0.6235293356990586,2972.8804883276157
0.6000000000000001,5,4,0.14250000000000002,0.24535869445509312,0.6201991900423915,2191.4674697374085
0.7000000000000002,5,3,0.1325,0.39285427403603335,0.6266151662748632,3432.609509565531
0.8000000000000003,5,4,0.1,0.3974309168544278,0.6366523153076415,3021.3271024208884
0.9000000000000001,5,4,0.08,0.397358703640312,0.7164776888214639,3743.0503087571583
1.0000000000000002,5,4,0.055,0.3935849555877145,0.5462401332036793,4083.9093536160626
0.3,10,5,0.755,0.35150041391105513,0.7247183739827656,300.6192309994266
0.4,10,2,0.365,0.3870422642077384,0.8801214513728385,889.960691476053
0.5,10,2,0.27,0.3899850081653471,0.8935022068510583,906.1316015577896
0.6000000000000001,10,3,0.19499999999999998,0.3932132871495205,0.624274501796691,2661.448140183441
0.7000000000000002,10,3,0.1625,0.3931755380362256,0.6256590480171735,3284.584401854386
0.8000000000000003,10,3,0.135,0.3953066721865296,0.6304619862665881,3283.9685501081676
0.9000000000000001,10,3,0.11249999999999999,0.3975407876366405,0.6365389096802189,3747.1058094956365
1.0000000000000002,10,3,0.1075,0.39750735317284136,0.6370670959763656,3900.8124734385406
0.3,15,5,1.1275,0.3154421488879058,0.5616527726540401,292.90249551678966
0.4,15,2,0.4325,0.37858764029386716,0.8497112269506254,851.3083933548655
0.5,15,2,0.29750000000000004,0.3875490564443657,0.8845601986737638,896.5502647510573
0.6000000000000001,15,2,0.25,0.3899653115742736,0.8941926950191302,907.9960098888945
0.7000000000000002,15,2,0.21749999999999997,0.3930131738792549,0.9051120286408081,923.6031221540507
0.8000000000000003,15,3,0.1475,0.392922762260581,0.6250891099552837,2812.193617218737
0.9000000000000001,15,3,0.1275,0.3976457669217143,0.6351517136813936,3286.2752237316054
1.0000000000000002,15,3,0.11,0.3975563303380992,0.6370145142399327,3902.29251191843
0.3,20,3,1.6375000000000002,0.3207244614900985,0.6907738004766761,435.5733895714013
0.4,20,2,0.5475,0.36996380944600094,0.8123242456427491,798.6427490800218
0.5,20,2,0.3675,0.37367621795543937,0.8349500916709895,826.9749480787845
0.6000000000000001,20,2,0.27499999999999997,0.3849993601536589,0.8777076998338327,886.9156934640941
0.7000000000000002,20,2,0.22,0.3920627259688855,0.902226870675765,919.6882290210292
0.8000000000000003,20,2,0.1925,0.3928370892268277,0.905336300804597,922.7180713090647
0.9000000000000001,20,2,0.1825,0.3926575973797192,0.9056081765263212,921.4663898562686
1.0000000000000002,20,2,0.16999999999999998,0.3973390574366997,0.9195443816161919,937.9576559684857
