k,inertia,silhouette,davies_bouldin,calinski_harabasz
2,105028.96274839323,0.4487527273825978,0.9172820274614263,20934.53029361694
3,67119.07726523158,0.4561699973186025,0.6331567399726363,27674.384228663654
4,43246.74738204683,0.49580045838331244,0.5940755859956581,35992.40915789243
5,31285.219839736234,0.451189832266454,0.6278058797700963,41137.274322699624
6,26624.83591610819,0.4522605670483306,0.7269471614437896,40069.62819131482
7,22226.711133196302,0.40851639205605844,0.7491920073689745,41316.58468971485
8,19091.41654912914,0.4178166727331634,0.7140799645850185,42167.24507591317
9,16996.91176059874,0.4212317759030133,0.6690677735048238,42058.20403273501
10,15095.052788672177,0.38565454479381317,0.7122528069810296,42653.992137855144
11,13685.435633183555,0.39129934416635104,0.7154657826043236,42753.48658878652
12,12182.852222019694,0.3968307115760699,0.7394215874525628,44108.14720464388
13,11224.41433548696,0.39802413699864964,0.7314479212495365,44167.89429126529
14,10399.93729753182,0.36916065564725237,0.76602077223576,44245.68028440652
